previous_cpu,current_cpu,cpu_average,cpu_trend,high_cpu_next
34.963209507789,41.74021951712154,34.132762121439775,6.777010009332535,0
81.05714451279329,72.70370092569227,76.63110600135668,-8.353443587101012,0
63.559515344912406,72.36149385497204,63.44634347784922,8.801978510059634,0
52.89267873576293,63.99853618860116,60.725775353250846,11.10585745283823,0
17.48149123539492,28.079395714705317,23.02776273385363,10.597904479310397,0
17.479561626896214,33.28736888244243,21.01081075627453,15.807807255546216,0
9.646688973455957,22.985910518944998,15.388672515050889,13.33922154548904,0
74.29409166199481,83.88589245427917,76.83352284136525,9.59180079228436,1
53.0892009394567,57.387543824870235,56.19589591342101,4.298342885413533,0
61.645806223683635,50.03619688852372,59.862352894173114,-11.609609335159917,0
6.646759543664196,15.942941734990054,5.669333230389891,9.296182191325858,0
82.59278817295954,89.66966504459066,86.47630484621736,7.076876871631114,1
71.59541126403374,79.31119963598748,74.9729070633107,7.715788371953735,1
21.987128854262092,14.219643096058999,20.117406204511944,-7.767485758203094,0
19.54599737656805,13.735431972485426,17.280304559239806,-5.810565404082624,0
19.672360788274705,35.20388932160374,25.182217059722763,15.531528533329034,0
29.339379436763018,33.94382789819647,30.68444186047989,4.604448461433449,0
46.98051453057903,58.79552150430527,50.49994044703168,11.815006973726241,0
39.55560149136926,44.83878525267387,45.42521478781736,5.283183761304613,0
28.298331215843355,33.5958926108008,31.011046859337906,5.297561394957448,0
53.94823157779036,68.33106963755034,66.84322266492937,14.382838059759983,0
16.15950885216335,15.99906156998961,15.897302769632619,-0.16044728217373816,0
28.371571882817452,34.33277965222729,29.22695546679098,5.961207769409835,0
34.308947463495336,34.68619457644491,29.956427842131642,0.3772471129495756,0
41.48559873736288,42.14063646303972,36.40369857143346,0.6550377256768414,0
67.81407691144109,69.7223556767547,64.01580846508142,1.9082787653136108,0
20.973902572668777,28.195240289005906,25.38595138387179,7.221337716337128,0
46.13875507308893,46.351268856454155,47.77118703446134,0.21251378336522464,0
52.3931655089634,69.9507267646986,56.428374030734595,17.5575612557352,1
8.716033017599818,4.769959995404779,9.428111448730645,-3.946073022195039,0
53.603588152115066,56.73487171050147,53.720046776257945,3.131283558386407,0
18.64192989498332,19.24461931224157,19.383653639569093,0.6026894172582509,0
10.204127438822361,29.673906282359688,24.775678745357297,19.469778843537327,0
80.91084298026666,87.87639074538241,87.08413481042112,6.965547765115744,1
82.25056264596475,97.5690080406511,89.10419339959043,15.31844539468635,1
69.67178784931689,59.81618411894716,62.07040930788616,-9.855603730369722,0
29.369101533869653,37.039604192562244,26.74890665922803,7.670502658692591,0
12.81376912051071,26.71007707674508,17.604463140900634,13.89630795623437,0
59.73864212097255,65.56148201372679,62.01667135086658,5.822839892754239,0
40.21219949916811,55.86700324982162,45.07806279304131,15.654803750653514,0
14.763058787582306,14.590174286578584,14.28284563580353,-0.17288450100372188,0
44.614152808901615,63.707627210757416,54.39144565870582,19.0934744018558,1
7.751081689217472,35.74006292540997,21.071004361889486,27.9889812361925,0
77.74563216630257,79.11724656190599,76.4814316216339,1.371614395603416,0
25.702398528001353,26.247373313993634,26.480849936897677,0.5449747859922809,0
58.00178274831856,77.53562751949556,69.09452708261529,19.533844771177,1
29.936886087152878,50.73260754446,37.0635495834779,20.795721457307124,0
46.605441694224865,46.37684142269218,50.723938697697335,-0.22860027153268447,0
48.73682234746237,49.5349541765038,48.8401238651303,0.7981318290414308,0
19.788356442042165,21.970510353437092,20.93598226657417,2.182153911394927,0
82.56677022116469,74.12226511082191,80.46916093576297,-8.444505110342774,0
67.01062586888916,62.824106404047185,65.61701453025869,-4.186519464841979,0
80.15991532513513,75.11850765761446,80.49862139311453,-5.041407667520673,1
76.5861880342119,73.90821238317062,76.10857270429673,-2.6779756510412795,0
52.83199830488681,57.485149431018996,53.32126174403159,4.653151126132187,0
78.74993880184934,86.09208612721454,83.50552304015025,7.342147325365204,1
12.07940016415356,32.58440509229433,18.90072400626196,20.50500492814077,0
20.678628993531618,15.695088586143708,18.512537907167236,-4.98354040738791,0
8.618183112843045,23.461407097608884,15.94010513329258,14.843223984765839,0
31.02642646106115,33.88653801880606,31.832131668115988,2.860111557744908,0
36.09418317515856,40.59954607863423,37.961252092579606,4.505362903475671,0
26.70792254191167,38.45611746357771,26.936472866251776,11.748194921666041,0
71.29900073215435,65.07178051653136,66.53921590111997,-6.227220215622992,0
33.540266135487144,42.36436359732765,38.230849569830745,8.824097461840509,0
27.47476077499046,34.139282857121025,31.286590992047945,6.6645220821305635,0
48.41568665265988,58.340199292741374,50.29491754992275,9.924512640081495,0
16.27393799798101,24.165624437059193,24.016904740114203,7.891686439078182,0
69.17575846032318,98.72875985943213,81.35373461523416,29.55300139910895,1
10.964051494381666,9.586651651868507,13.183723174705296,-1.3773998425131584,0
83.95095492804138,83.6409853780232,85.07755323864735,-0.30996955001818094,1
66.77958154373259,65.54817627948495,64.22519698207736,-1.2314052642476412,0
20.897254522733792,20.342483331131245,25.945801604761055,-0.5547711916025477,0
5.441769369888192,4.067898096823015,1.1739232380861635,-1.373871273065177,0
70.23691427638673,87.12707958746225,81.43945945275449,16.89016531107552,1
61.54858750780937,80.75362998770792,74.15285570188759,19.20504247989855,1
63.32057344327899,62.61311050578423,60.95498134730167,-0.7074629374947605,0
66.70162773487566,63.37807200383337,69.2172457695475,-3.3235557310422905,0
10.923572138727229,20.63772770259127,15.030510376862392,9.714155563864042,0
33.67725828354181,33.155027840732096,34.282223949976526,-0.5222304428097146,0
14.269524762010377,25.598842939565486,20.715149367101596,11.329318177555109,0
74.04827407004748,81.07750427856048,77.15996294989235,7.029230208512999,1
54.86385014620463,44.70640899623231,52.21755439069782,-10.157441149972321,0
31.471841988211935,51.94689400151255,44.08983415651888,20.475052013300612,0
10.08466802288189,33.04344475383711,16.318460468644957,22.958776730955215,0
29.878585737252976,28.750698832409114,33.2276630134655,-1.1278869048438622,0
31.014665762139764,32.13765016277992,26.58868199835282,1.1229844006401564,0
63.36849426704512,71.22714817429417,70.39545983369462,7.8586539072490496,0
56.00459770841705,64.34916560828731,63.55699706883493,8.344567899870256,0
75.97701940610612,87.56246213283443,78.49684147882468,11.585442726728303,1
42.777194012955945,67.87923940061944,54.09577384292394,25.102045387663495,1
14.567539675064136,17.798067400123642,12.865689532136084,3.230527725059506,0
62.0595829778396,59.07661053245506,59.92333366428112,-2.98297244538454,0
65.8628038893518,57.069611609206525,60.54210489672194,-8.79319228014527,0
49.9021758055597,47.59287540614051,51.08650720265812,-2.309300399419193,0
66.67737439636488,71.34610466762692,72.94266577035472,4.668730271262035,0
44.50364770915126,67.44922634432913,60.16348845911007,22.945578635177874,0
46.818626350559526,46.64251336019781,45.04406577564376,-0.17611299036171602,0
39.20328146868397,46.441160985072955,42.19455560564488,7.237879516388986,0
7.033530139527615,11.869301178800093,4.401101082501002,4.835771039272478,0
13.631314159464356,30.515246893945196,19.65567032721621,16.88393273448084,0
7.51433485493874,37.78365911367496,25.54355188359922,30.26932425873622,0
55.91283290110243,55.604145171899226,60.60523750714553,-0.3086877292032071,0
30.148478486106136,30.254084060923915,26.49823465787526,0.10560557481777977,0
45.685655293176225,61.127264063866946,51.629066901062906,15.44160877069072,0
77.60531791408744,89.42423281035055,83.4355580913422,11.81891489626311,1
24.943378331909997,48.41045158927034,37.51739843704899,23.46707325736034,0
37.830633842850375,48.66991569611001,40.82146420971525,10.839281853259635,0
65.4440910834439,66.8511701755733,67.41981376290087,1.4070790921294076,0
23.303853239329797,34.21040154625289,27.335609351578594,10.906548306923092,0
11.15839278630344,27.24542859213252,19.15855387658314,16.087035805829082,0
28.180116233101444,41.38493804507509,36.42137988309936,13.204821811973645,0
17.897702980320354,27.97044329139333,22.953339945289656,10.072740311072977,0
79.37581218740584,95.04255908329738,85.9000279637719,15.666746895891535,1
69.64963036515336,86.34258626961008,77.66727890560423,16.692955904456724,1
55.67230052083388,74.49389043120915,64.8180065984055,18.821589910375273,1
74.71684721501742,86.20394609091385,79.35036356331926,11.487098875896422,1
69.29376615192916,72.62258534876062,70.18178756234359,3.3288191968314607,0
19.925604710882865,26.392741575216093,27.95511465456363,6.467136864333227,0
76.40471987919823,93.46980954428179,86.62002305556372,17.065089665083562,1
48.147379353252056,44.978022643379695,45.67626004422839,-3.1693567098723605,0
69.595212413125,78.28194550185401,76.02944217102171,8.686733088729014,1
76.68730399387945,77.75391587060585,76.21915146297462,1.0666118767263981,0
30.44027799774911,35.727726227097286,36.603376025183124,5.2874482293481755,0
13.80415396221414,31.588672588287128,23.805339851844916,17.784518626072988,0
23.234813003355335,30.14580368355437,26.368401911442167,6.910990680199035,0
39.1686230901005,44.63298857166199,43.24395660831208,5.464365481561487,0
70.44118127379944,61.842619864000255,61.42927211269434,-8.598561409799188,0
73.85844666050747,86.32098232077968,76.70941208391416,12.46253566027221,1
5.556170442495256,17.01101225390601,7.701816329003468,11.454841811410754,0
45.85978420620526,72.49233143925986,59.60488710702368,26.632547233054595,1
38.39288025190232,40.31509790237231,44.55153407559259,1.9222176504699888,0
22.76862483765842,29.96012811429781,33.05827691455601,7.191503276639388,0
14.589229386694624,22.083066223802177,20.250301109570675,7.493836837107553,0
32.00921371229023,52.78374650992498,43.89901353594098,20.77453279763475,0
80.43277631300154,84.47982098913202,77.05312544860857,4.047044676130483,1
30.85623456166042,38.64644981936381,33.12332079131005,7.790215257703391,0
46.50324973946929,57.582214836634684,49.67938103232727,11.078965097165394,0
61.241516711614224,68.10760794317781,62.81201953264267,6.866091231563587,0
34.09036819034352,34.62603204483823,33.853768661836504,0.5356638544947145,0
82.74256661767686,89.68346654665993,84.79674484907702,6.940899928983072,1
81.99578359536889,97.7321010939666,83.92604291354039,15.736317498597714,1
25.142583666029132,19.877430671918532,24.753737937326434,-5.265152994110601,0
44.77988047139084,51.1095772128596,44.726499764905796,6.329696741468759,0
29.07026478534157,27.06905663594984,28.787401302979156,-2.001208149391733,0
27.78723955019741,44.73770583944584,42.48472070407155,16.95046628924843,0
7.950955788362624,1.0,1.7173241194220417,-6.950955788362624,0
53.76514671839175,53.17592824567586,45.879674913794815,-0.5892184727158849,0
45.21432185830892,53.986440608954126,48.74236856799119,8.772118750645205,0
9.118300099999148,29.773540392342554,22.748799151166562,20.655240292343407,0
27.291717138928917,31.63421452819904,35.33800819622576,4.342497389270122,0
77.6612708773323,77.10927561040032,73.69662446050906,-0.5519952669319821,1
24.164951253357792,47.97652194776369,37.560834270270306,23.8115706944059,0
16.591589767297847,7.111450763135407,10.455588894876469,-9.48013900416244,0
44.15622082220504,27.168161256004225,35.34434597619223,-16.988059566200818,0
83.85203632884806,93.25218082938139,96.48513862016583,9.40014450053333,1
24.364421720920035,24.343879477393923,19.845239613971522,-0.020542243526112003,0
58.77084379247029,53.55851562116315,56.92589869130044,-5.212328171307135,0
65.9295692262974,78.01313369929093,73.37443097809046,12.08356447299353,1
24.011003519391974,31.449010657103962,30.987366063066005,7.438007137711988,0
63.257307888948766,62.61652158158148,63.2308641956778,-0.6407863073672857,0
34.422650617540256,26.619606630831314,31.445280242698093,-7.803043986708943,0
55.584466447486356,69.30903973028781,61.2718073866217,13.724573282801451,0
55.68237686087158,67.1843886404582,62.24076357440021,11.502011779586617,0
47.86197472598068,51.87021608818685,48.83651858059153,4.008241362206171,0
12.223181604352664,35.68955156482932,25.821082254159148,23.46636996047666,0
71.82419964713904,66.12335198387751,67.86494480737737,-5.700847663261527,0
30.662405197738867,20.407153488491478,26.66608052482173,-10.25525170924739,0
19.92148083198834,18.002400133175897,18.874152041527182,-1.9190806988124436,0
8.262011324381113,12.806151160826136,13.912231994920129,4.544139836445023,0
52.27143545505935,59.70482994828627,55.83395153090735,7.4333944932269205,0
59.2051489473826,61.792788368819295,55.17987125348031,2.5876394214366982,0
6.327026314228492,14.84758027937146,14.373067798941952,8.520553965142968,0
45.96744466394248,38.45205042203804,39.4925506404024,-7.515394241904438,0
23.119662015835036,42.557308056567635,30.877186020254875,19.4376460407326,0
56.61382323275599,60.792311448830304,56.91608345866267,4.178488216074314,0
18.949314320399317,35.12227263628059,31.159107757852407,16.172958315881274,0
60.27501904819728,68.70227251197431,58.0816231381497,8.427253463777035,1
35.93882770404299,45.50635989558083,50.135839400791895,9.567532191537836,0
79.93839909893876,90.6360719012608,88.45540592729793,10.697672802322046,1
16.00167553167946,25.478761131852607,21.409935074153513,9.477085600173147,0
32.285308084020684,43.71253568269613,37.834239881509546,11.427227598675444,0
14.077881699247126,32.36940700057144,24.080306574482258,18.291525301324317,0
78.97548946228503,85.94070115929972,84.02146259593039,6.965211697014695,1
75.18714827047847,87.2771858463636,83.16781381627119,12.09003757588512,1
25.63533021721245,29.73797327434018,29.35346514378666,4.102643057127732,0
57.79872368273432,77.19989583722905,67.76805180374743,19.40117215449473,1
70.37777601609727,68.61385299550457,68.90379924487894,-1.7639230205926992,0
49.41606492795699,72.42546925706515,60.466947241550535,23.009404329108158,1
47.37204626848052,51.970466762037084,49.086531674200764,4.598420493556567,0
24.348183272036135,15.040432250855654,23.095618052047087,-9.307751021180481,0
12.448221424471937,18.72926557357983,17.36941366586847,6.281044149107894,0
76.77726063626613,74.96674406151733,67.05083644489889,-1.810516574748803,0
77.03344457306643,90.43988006295368,85.70436464759933,13.406435489887244,1
55.64811658186144,54.121876788837525,55.4692052695058,-1.5262397930239118,0
32.122383283896056,32.66054895174826,32.33533984848447,0.5381656678522049,0
32.93676596901287,19.04135865955756,24.823506955018555,-13.895407309455308,0
63.07645430961915,63.553391117128385,66.68726087333181,0.47693680750923306,0
76.76882079620617,57.53002752991661,69.99200354942995,-19.238793266289562,0
75.96691394120938,65.12788570635215,68.22876682030994,-10.839028234857238,0
67.3900436686099,79.99419023005288,74.913273810705,12.604146561442974,1
56.36253169234302,69.22053327885135,59.87656228197333,12.85800158650833,0
11.731197199603907,20.985772817453554,12.21963051416194,9.254575617849648,0
17.9302971275691,13.260535696276971,13.715264738153142,-4.66976143129213,0
76.88433508216634,81.40722152074655,81.73295871860472,4.522886438580201,1
53.514324772767196,58.47829938186151,58.855687213442614,4.963974609094315,0
5.735764129330372,1.0,4.907138324957065,-4.735764129330372,0
13.117723429282568,33.15170644695407,25.31000229866231,20.033983017671503,0
58.08014152864446,71.85376443440117,66.51548784286769,13.77362290575671,1
5.404926707697495,8.195284969400856,4.875661052880319,2.7903582617033607,0
17.86464411339989,23.1335025033452,21.794840942394366,5.268858389945308,0
48.89870314932689,55.982531228802415,54.8418457647477,7.0838280794755235,0
60.35161581541546,44.93426713117255,54.90581546273472,-15.41734868424291,0
57.156900760208046,59.685126935002074,61.98775396202899,2.5282261747940282,0
22.941544756844785,21.1217022768668,24.15653505845898,-1.8198424799779858,0
61.97433770780287,56.95813760885371,60.520582280953036,-5.016200098949156,0
23.979926999744006,26.168924070884458,28.284876250263515,2.1889970711404523,0
31.031975852741418,54.00884112123664,42.440844709241844,22.976865268495224,0
64.71931240944193,76.12774102211202,67.77790276209382,11.408428612670093,0
56.97063192377718,56.25884202594921,56.1255360830319,-0.7117898978279698,0
72.93787283953424,83.66370065309582,76.06607881189568,10.72582781356158,1
57.60903138402747,76.60258574988748,65.08027374203434,18.993554365860014,0
50.464688266837726,64.71102509596541,57.154300669255015,14.246336829127685,0
12.493981426247398,18.09028512544914,12.914873512848384,5.596303699201741,0
34.41726424475468,32.947896467698946,32.758695767309696,-1.4693677770557372,0
26.216189414538036,38.19842255067394,26.52646198174463,11.982233136135903,0
24.519171470326686,33.45402532454418,29.626479519554252,8.934853854217497,0
82.84084438019565,96.79277658047297,89.82042690642099,13.951932200277327,1
36.44781797334083,47.79953599016053,39.672411088546106,11.351718016819696,0
76.36372441416907,91.85925156736242,86.08922499606295,15.49552715319335,1
55.49109007978103,55.13873796417535,58.127624434857864,-0.352352115605683,0
68.58490428333187,86.75884493967513,72.84919501839657,18.173940656343262,1
45.21096744841537,52.18696349533936,46.41079113617872,6.975996046923996,0
51.15231077010873,76.90491949636137,61.72118808387316,25.752608726252646,1
44.401415505509114,42.50953732461343,40.63576711173467,-1.8918781808956808,0
20.61943902384356,42.979077055496056,34.287682565465055,22.359638031652494,0
62.796169220920426,69.77527705554691,65.70424472191526,6.9791078346264825,1
27.461788995268464,25.94760895912398,25.91115445326439,-1.5141800361444844,0
6.945277314516307,7.106418973973091,1.0142610510244392,0.16114165945678405,0
56.63778367257343,58.434310590630226,59.4423012222295,1.7965269180567986,0
19.168854352563915,28.41051381658308,20.07190890001308,9.241659464019165,0
80.23668674823314,90.46504162858814,85.53066207920962,10.228354880354999,1
81.31428616020699,80.5772861208212,81.77791695438866,-0.7370000393857907,0
78.18915121763588,82.94560529502606,84.64935404384693,4.756454077390174,1
34.61269602043555,61.035399606554186,43.89758661613754,26.422703586118637,1
6.236529322309394,28.51196102331651,8.315708705350476,22.275431701007115,0
79.26548500701803,88.62872170375834,84.49865198964926,9.363236696740316,1
39.254731865385146,44.63476664706715,47.34628280075871,5.380034781682006,0
82.33238552349357,88.53269879067618,89.14938121590318,6.200313267182608,1
82.08959816714022,93.22477789444439,88.28616627661617,11.135179727304163,1
73.24075643738881,68.01283078540476,69.15188505450064,-5.227925651984052,0
28.555911365566857,30.982145991333404,32.19039646836206,2.426234625766547,0
35.807818288154024,24.12197754937813,27.04425931965267,-11.685840738775894,0
73.09093372134855,82.08316494740134,79.01612264244359,8.992231226052795,1
30.35376041250221,41.82571980952962,37.606150588515796,11.471959397027412,0
18.5594197348874,18.727555111893658,21.82411714588717,0.16813537700625858,0
49.544100996668014,70.28396862956834,68.19301492985142,20.73986763290032,1
79.89238193286248,72.63472530283906,77.44080151938707,-7.257656630023419,0
60.68238373399784,51.03863493189964,54.33361845582624,-9.643748802098202,0
50.604893607149194,57.84941179274891,54.15042976337307,7.244518185599716,0
12.774119501661483,28.245102527783025,15.202383300054898,15.470983026121543,0
54.20057813593358,76.03985505051227,63.03607719995575,21.83927691457869,1
84.20430800834106,84.61546537965165,83.18203937965704,0.41115737131059404,1
16.20672121892192,31.99352955323488,22.527860192274623,15.786808334312958,0
46.46637218909894,51.08128749409187,49.230894457696564,4.614915304992927,0
75.18984575423643,78.46357275482823,74.35944945738574,3.273727000591805,1
64.26148942033635,78.09808879520307,74.54288110974312,13.836599374866722,0
60.76125927962144,72.28448806375565,66.52349486644313,11.523228784134204,1
61.19872671896874,50.43480514912625,55.78886497063165,-10.763921569842495,0
33.75929209758041,53.52469559483937,42.65830969667114,19.76540349725896,0
28.48734754115947,47.28826108263398,38.35337636347366,18.80091354147451,0
69.74889243828109,68.49326542318579,71.59637372473634,-1.2556270150952997,0
69.80907157433447,78.76710690870856,71.6866985943888,8.958035334374088,1
74.3657854864083,84.30608734923568,77.36158695059622,9.940301862827383,1
78.05924420451771,85.66598186275678,80.95143494730725,7.606737658239069,1
45.90739190887503,45.404340370420826,41.618253369228285,-0.5030515384542014,0
45.12130357497597,43.40506989559545,41.80541315612122,-1.7162336793805153,0
68.86361431734201,73.60807360742756,69.80718134175082,4.744459290085544,0
56.99711446222121,73.72440465481486,67.98392710065622,16.72729019259365,1
61.15735018061627,71.5933517265606,67.16303494059422,10.436001545944329,0
68.66341355488808,69.95727023402702,69.89111162856018,1.2938566791389405,0
76.2004273454053,88.91741445188875,85.11161478515093,12.716987106483444,1
32.03961254812286,8.554186341822106,19.884784079774292,-23.485426206300755,0
35.04663621119552,51.53429321491655,44.46185926284271,16.487657003721033,0
12.51855518726952,1.0,6.449612334837271,-11.51855518726952,0
51.26241127969392,52.6380018656626,52.74629362087715,1.3755905859686806,0
7.875381903739367,1.6786829574779283,3.0287564577739015,-6.196698946261439,0
42.24784145059681,34.301026693387755,30.957982597162996,-7.946814757209054,0
48.411570776606126,65.01983865039132,56.31286722693981,16.608267873785195,0
27.923300170262753,28.246288157143837,32.353038572003115,0.32298798688108477,0
52.26666084552086,60.73169966282802,59.27782646089922,8.46503881730716,0
7.440019995123954,11.970814206332115,12.601609554501547,4.5307942112081605,0
7.987855099937153,17.75826337216837,16.581451401471416,9.770408272231215,0
70.80804485277267,76.57626376337522,73.95812708095826,5.768218910602556,1
33.81525131290103,25.985329071015336,30.49223731417497,-7.829922241885697,0
15.164841012150783,30.127509206622182,20.793219423083432,14.9626681944714,0
46.77946080438435,46.84189497277122,45.86245932049663,0.0624341683868721,0
66.59948424788887,56.03366526129136,63.16388820390354,-10.565818986597506,0
22.265682199747452,22.984530590088326,26.236759706424337,0.7188483903408738,0
54.83123806552002,74.83883597186312,64.41669819164856,20.0075979063431,1
11.82779719950144,25.33001462063637,17.22833811551467,13.50221742113493,0
9.134537693488616,10.648016349410025,9.89286089801911,1.5134786559214088,0
47.50837052545184,49.01579348226755,50.065702250647035,1.5074229568157094,0
48.25080972880852,50.034459216634694,44.81107002432098,1.7836494878261746,0
55.99439211985653,81.76187195546494,61.98958917824902,25.767479835608412,1
63.08730669781292,71.90666122012846,65.84537341049594,8.819354522315535,0
83.06816635700277,92.36858282891346,84.05623731521564,9.300416471910694,1
46.30402786409562,61.606862404414045,52.4310245413129,15.302834540318422,0
30.836517835299677,38.224409425564815,34.08712267397983,7.387891590265138,0
68.61489558149628,71.02447412328925,68.45993962532373,2.4095785417929676,0
26.666580100965938,29.703081610116154,32.54223345895328,3.0365015091502165,0
40.11771365645089,44.40170106231025,43.23994165318753,4.283987405859364,0
11.276510507381277,15.90428814228286,14.491822403664553,4.627777634901584,0
7.028059473236601,19.3043549096064,15.032828623551705,12.276295436369798,0
82.01187317423401,87.531332032307,81.3551032499282,5.519458858072994,1
71.87840964097647,84.20481041313226,81.15894538931516,12.326400772155793,1
60.67793648749584,64.87077068641003,62.547060727346555,4.192834198914184,0
37.71623555314159,43.50258745630249,42.62085335644568,5.786351903160906,0
18.86354560566766,3.881538760346583,8.156970483886656,-14.982006845321077,0
17.514963413686885,31.678240160711702,19.9353254891511,14.163276747024817,0
25.019431853167625,33.48431661214755,31.705543206732674,8.464884758979927,0
48.938133176489636,63.91823427508616,57.557412304080444,14.98010109859652,0
62.167673816004985,38.20512003406809,47.480242261964,-23.962553781936897,0
57.8157901374185,83.69953718522578,68.14867441749806,25.883747047807276,1
27.394711755675427,30.99881547412369,32.57306796814387,3.604103718448261,0
81.38922245305552,97.47105062043069,85.86190085814113,16.081828167375164,1
64.03175333566148,58.63269406440617,66.26024255980171,-5.399059271255311,0
49.34832420091205,60.47606325153775,52.210331522281294,11.1277390506257,0
53.93765969874818,48.40350406701162,53.08575765970505,-5.53415563173656,0
38.568004994223195,37.330315387265145,36.96330476349721,-1.2376896069580496,0
24.818479160092597,48.95879269876046,38.698198222673554,24.140313538667865,0
33.47781429210093,36.57099028446746,33.39206028194162,3.0931759923665325,0
65.62768883714952,72.80201756894675,68.72647448483126,7.174328731797232,0
6.1514790903804695,19.85215639726801,13.124575270011404,13.700677306887542,0
14.285811240553299,24.242630120279344,16.257658313071904,9.956818879726045,0
8.68021136174022,15.184400413175984,14.154778923718482,6.504189051435764,0
8.258304185517611,16.907914210179868,11.043468498433983,8.649610024662257,0
73.43684672088058,100.0,86.03262361442023,26.56315327911942,1
61.292628750401896,65.71644078006604,60.52148664140843,4.423812029664141,0
42.93390632698602,49.944896794135694,38.75240058417492,7.010990467149675,0
12.826732852080118,28.33327681215624,20.00692154431767,15.50654396007612,0
44.32927000934659,60.38452933892643,59.59474593897525,16.05525932957984,0
42.87774166244525,59.74804471804906,53.666706053941226,16.870303055603806,0
18.856149592801216,30.243451813093063,24.492019563743956,11.387302220291847,0
39.70813193903784,33.27808281173301,35.70443488776062,-6.430049127304834,0
36.88037875178988,58.21469407480083,47.61493409173149,21.334315323010955,0
54.26800784417732,47.80455391399044,52.6776382246095,-6.46345393018688,0
55.8074920694115,63.833846721801834,56.278230949680136,8.026354652390332,0
8.624320781763561,6.081562281569982,10.695906615673389,-2.542758500193579,0
34.9690091701177,39.327625704187774,39.294461383476474,4.358616534070073,0
55.06879325713891,63.35641736017371,61.36716248578011,8.287624103034801,0
45.250900686407014,53.46447284090975,50.673113980087564,8.213572154502735,0
73.51918729506578,82.73839483741862,78.18764103932418,9.219207542352848,1
57.6954905295156,78.83260322010207,70.2826305827093,21.13711269058647,1
18.034754166514375,27.570097181654173,24.57786807530841,9.535343015139798,0
10.645499792034387,13.203933439127901,10.862594482758071,2.558433647093514,0
56.39354225650525,71.03441393938883,61.993172779256334,14.640871682883578,1
7.120904843329745,24.015609732576152,15.873826173738909,16.894704889246405,0
51.86204650187706,44.58596835050714,52.871067880677664,-7.276078151369923,0
80.2184193139966,91.19242001249519,81.98809843628419,10.974000698498585,1
51.03793423007032,63.0496616531793,52.64122214436749,12.01172742310898,0
36.05359409652175,38.07795906292183,37.560059103431335,2.0243649664000785,0
56.463057475388254,75.22012560850445,65.9942546475144,18.757068133116192,0
41.660231239321334,45.15967536899607,43.929978297269926,3.4994441296747354,0
48.6493431452748,54.90510767999022,52.50908500635801,6.255764534715425,0
80.317184702122,83.58646645928332,81.28221881679825,3.269281757161309,1
35.88821102406194,41.044001499876615,42.935696577775516,5.155790475814676,0
81.89524510591313,75.93249423696112,74.11115773600758,-5.962750868952014,0
77.4280513564851,68.02754253054215,70.24230586917288,-9.40050882594295,0
20.663290783143715,41.60834141539344,30.826051818821437,20.945050632249725,0
10.548904070013236,7.079290586829959,3.884530894959096,-3.4696134831832772,0
13.062240110194132,8.14831661563106,10.077715149616383,-4.913923494563072,0
6.457746052123978,1.0,8.713283523246044,-5.457746052123978,0
12.555436860474272,11.16581938357925,11.923287586914645,-1.3896174768950225,0
59.64054187330855,51.40964393923357,56.21719562342711,-8.230897934074981,0
10.695091876818319,32.11524347818201,17.624673381982422,21.420151601363692,0
30.518050423500902,45.616221316927245,36.21805164609564,15.098170893426342,0
72.59002487755636,70.70852142577913,70.52368401069593,-1.8815034517772347,0
6.861754858866069,34.38611291230916,19.670788595318914,27.524358053443088,0
70.15747860711487,84.97513347703081,81.41123742708415,14.817654869915941,1
27.548381981871994,29.30006814678577,30.097298246504252,1.7516861649137745,0
14.4531862097325,1.0,4.392219234055155,-13.4531862097325,0
60.73897322913205,88.64839895503947,75.43320042738176,27.90942572590742,1
55.31542774239072,46.41970307475476,52.36223065406309,-8.89572466763596,0
75.19776108216423,63.74377361259532,72.89121446294358,-11.453987469568915,0
63.80568350431086,79.03138782440726,76.16015772406419,15.225704320096398,1
69.27847443078788,98.67599849418062,80.93195388700065,29.397524063392737,1
27.56276580570452,46.4054939908097,34.55155736462609,18.842728185105184,0
19.195163502377824,29.83425470290142,20.74197552589577,10.639091200523595,0
65.04918013126867,75.99672354792153,69.82089226227416,10.947543416652863,1
69.54677914138112,83.08093472918421,77.71293205862167,13.534155587803085,1
84.24041136005387,96.82969725792152,93.497057858755,12.589285897867654,1
38.00941415291412,45.821328392607874,41.68751820183343,7.811914239693756,0
34.761446863422655,40.80345790294142,36.8229098134175,6.042011039518762,0
67.11303685935974,71.48710558036451,69.75534519660836,4.374068721004775,0
32.264283220241424,29.724637331574662,28.489031571017975,-2.5396458886667617,0
79.46058604828518,81.65383527961744,86.82582682903563,2.19324923133226,0
73.67302014744095,61.7434520054871,62.88525299510986,-11.929568141953851,0
39.319522190001464,43.33612592205397,41.88204579271489,4.016603732052502,0
65.06968542331978,60.18377435181061,68.69754854525411,-4.88591107150917,0
65.36342992677459,59.32753675461687,62.36588287437572,-6.035893172157714,0
13.249909506874609,20.048851018409394,16.079263157637516,6.798941511534785,0
77.20423253436533,96.12425539781132,85.59190769765704,18.920022863445993,1
45.42018979582857,59.6033558558517,51.970597780552914,14.183166060023133,0
71.11659728861933,60.41159125238756,69.88263969453304,-10.705006036231772,0
30.60396808244894,25.707686716745563,21.52024166560873,-4.896281365703377,0
76.64185827969604,91.0495701595782,88.4460153235261,14.407711879882157,1
36.13613429873305,31.31126036334995,29.451825873691064,-4.824873935383096,0
5.867012118423869,8.620680618453623,6.443889380735501,2.753668500029754,0
77.4305581135411,87.93107910378662,81.39308534776787,10.50052099024552,1
12.302934142890685,7.619489594254333,11.726871677884668,-4.683444548636352,0
30.54509100723319,36.59884606869279,28.777595482311746,6.053755061459597,0
81.0049573640644,72.66470241488236,78.22134788771922,-8.34025494918204,0
81.04857175500449,80.03489531549235,86.61466240510899,-1.013676439512139,1
50.87503104986289,59.072850391288256,50.884418706797135,8.197819341425365,0
55.54697697358394,44.617039638267244,50.65112680875678,-10.929937335316694,0
40.87564175826558,50.28038913786957,43.592068914677746,9.40474737960399,0
28.456861735845163,33.26048374657835,32.136334359790865,4.803622010733189,0
31.293163629593277,41.818063173764756,36.61305673392627,10.524899544171479,0
58.801476486163075,66.0406178268097,60.49658642935345,7.2391413406466185,0
65.1899623550144,83.83136665475284,75.97428135949684,18.64140429973844,1
68.32632349806788,74.57856852454695,76.86549034066765,6.252245026479073,1
68.16945142356431,68.87539601231178,67.94971234275614,0.7059445887474709,0
12.29648824389523,18.51946327421807,17.567249585501195,6.222975030322839,0
44.553624376206514,54.98660466657039,45.89029564777496,10.43298029036388,0
9.604700801331543,15.093301504588586,9.479692022506038,5.488600703257044,0
48.96231058589884,54.36822749793767,53.08248787555938,5.405916912038826,0
40.32244010987016,38.3025232318026,43.76482975644427,-2.019916878067555,0
76.01633462066398,74.3873254451545,76.26867007926623,-1.6290091755094807,0
33.07320100416629,24.04714828616936,27.621000553598364,-9.026052717996933,0
14.365361314208469,36.86112874607786,25.611119246413228,22.49576743186939,0
16.43933456422687,9.000702210314017,8.96879518536129,-7.438632353912851,0
65.92085053739778,63.991798559438706,66.76987052748436,-1.9290519779590767,0
54.45744506530089,52.27337240960891,56.012407924425126,-2.1840726556919776,0
13.08981408982322,27.039057859267633,18.708164976046184,13.949243769444413,0
11.728544489199795,13.779047706279517,11.343669654461152,2.050503217079722,0
61.077530516729595,78.55495124346693,70.61387556905441,17.477420726737336,1
10.821040509135482,9.086134266696797,8.643428179794354,-1.7349062424386847,0
70.7488047432285,78.53874636546652,74.44537771047004,7.789941622238018,1
61.4993781725197,58.14590763992213,66.12180827372046,-3.3534705325975693,0
11.507902451351981,37.95939372908586,23.99257098798093,26.45149127773388,0
11.787017126815353,4.911032936520225,7.274004575604122,-6.875984190295128,0
83.93116628009403,92.02937338236431,86.03764441432371,8.09820710227028,1
34.941663660489624,46.27943246981061,42.843123979649924,11.337768809320984,0
34.65137176535127,43.789362739866256,38.67669473295446,9.137990974514985,0
70.0239653806002,73.17108879182312,69.6494079712474,3.147123411222921,0
80.7798861907087,84.48167919337443,86.5946947888606,3.701793002665738,1
83.88008510582966,89.31819982562077,90.85795147926612,5.438114719791102,1
65.27025482071534,68.80023480443045,65.23397411535679,3.5299799837151085,0
35.10076684247326,49.73955801042236,36.82054257236596,14.638791167949094,0
11.680057335893501,38.785287351807014,28.255213413361023,27.105230015913513,0
67.17175327419494,66.5968354241166,64.83040487187576,-0.5749178500783358,0
49.6723399788644,40.97431018307363,47.69520187845732,-8.698029795790774,0
38.937760739758104,43.05494025624556,35.086039044866325,4.117179516487454,0
77.50835080757888,100.0,91.43196741868738,22.49164919242112,1
13.895798584492107,10.8590529047948,8.74390995680111,-3.036745679697308,0
44.41000834326873,65.80117639770941,57.29788472768865,21.391168054440683,1
5.9082915813935255,27.685299722157936,16.839614855285035,21.77700814076441,0
42.4928513595301,41.95696894245015,39.36309189280019,-0.5358824170799465,0
9.504262054546988,20.19409284639974,13.628068511693023,10.689830791852753,0
14.505433301445754,35.78939953273113,27.206371787958545,21.283966231285376,0
14.40209974216839,15.61082233229352,15.324144396576658,1.208722590125129,0
56.93682416928509,59.90102056826147,60.17216131019073,2.9641963989763838,0
64.68359034123387,63.86678120174743,70.2045075250371,-0.8168091394864376,0
51.66950120777277,46.521933900844104,44.40299271917528,-5.147567306928664,0
81.97380387796335,80.48102842730327,86.07905387753918,-1.4927754506600763,0
34.98964636189633,27.750243694273763,31.683012840654683,-7.239402667622564,0
27.85696690254886,33.19780158514112,27.831032098875607,5.340834682592263,0
74.48793025515683,71.78819794457041,69.14712322264664,-2.6997323105864126,0
22.88766708155621,30.225526199463687,25.989235468178848,7.3378591179074775,0
82.0578031552489,71.49884669321263,79.54327526000414,-10.558956462036278,0
5.972357975185307,14.281160297329878,9.74411177512499,8.30880232214457,0
82.59030613661112,95.92559575270036,93.79141573539778,13.335289616089241,1
8.452792956046089,1.0,1.0,-7.452792956046089,0
76.29144909584569,85.03201479432141,80.62546510154539,8.74056569847572,1
47.21608872690399,64.49277865163691,52.097253356031096,17.27668992473292,0
84.43718368954403,77.34077350263198,81.97987424396291,-7.096410186912053,0
10.903725178831909,32.629449047208944,24.427249283312328,21.725723868377035,0
49.30834275210566,58.49853284576611,52.64115241789273,9.190190093660448,0
82.54420284952792,80.49408429194384,73.70650200085447,-2.050118557584085,1
46.847827533611905,51.290136757034844,49.66582658571286,4.442309223422939,0
55.351891050821,65.93516017603822,61.95374126863015,10.583269125217221,0
60.65989511876937,66.41994903289348,64.75280634071652,5.760053914124114,0
41.36328518142186,51.750845105885546,50.26441171912016,10.387559924463687,0
55.204646406725075,50.99791047593141,49.8881174023811,-4.206735930793663,0
51.74514495384802,58.4387531942088,57.13259739037976,6.693608240360781,0
77.09264083927911,67.95549587022931,76.10159089218813,-9.1371449690498,0
8.63571042731663,12.523449813829625,5.243817368553576,3.8877393865129957,0
27.477055167378424,23.437978752730526,26.416472437811407,-4.039076414647898,0
81.0329187261247,78.67761930022704,78.34272952015286,-2.3552994258976696,0
76.2211027112733,93.58203446337768,84.65700056802056,17.360931752104378,1
41.45254022285704,57.36564142879973,50.452120276443395,15.913101205942688,0
54.61060782412294,65.7019890331947,58.69461273631816,11.09138120907177,0
27.190494638490613,21.267366991764824,22.201806577642884,-5.9231276467257885,0
20.049692777900905,21.885608280952887,21.07010778189097,1.8359155030519823,0
42.09587239519857,59.2268493949904,47.39962307850608,17.130976999791834,0
33.268178242084225,39.68534737848327,33.21928742362819,6.417169136399046,0
51.692488948069766,79.88578434788671,67.82725649684775,28.193295399816947,1
11.218770957198787,20.151949351142505,12.238978048694676,8.933178393943718,0
82.95158461329332,89.87207577819363,88.41076769847112,6.920491164900312,1
83.89685955836823,85.80569491634321,86.23905111591759,1.9088353579749793,1
60.852937121579615,67.18834616940244,58.843221459119235,6.3354090478228215,0
47.88770930752963,51.36301094372419,47.59266616861995,3.4753016361945583,0
29.76220930290622,41.843296069792125,39.38508089549129,12.081086766885903,0
70.10360157655589,84.67062474450174,74.44361656710977,14.567023167945848,1
59.778493804310344,56.91859919923085,56.95533371484244,-2.8598946050794964,0
18.009355147591304,9.697025612013523,15.239373059558103,-8.312329535577781,0
77.8741747595074,64.51212102847444,73.54331942183872,-13.362053731032958,0
70.80297943385352,80.88289270297896,75.08831941028275,10.079913269125441,1
80.98399306335392,74.9503270016152,76.17462944840963,-6.033666061738728,0
63.0575606710688,46.528654741543974,59.06021729140191,-16.528905929524825,0
54.07321567486319,62.959001720172836,63.73280768891075,8.885786045309644,0
38.45944290324951,68.38943807757741,56.361014642758846,29.9299951743279,0
79.61827866832107,84.55756955292213,82.34387853831667,4.939290884601064,1
74.28511116003267,87.6700189045491,78.5527678673681,13.384907744516426,1
8.617493608495153,14.435787193970803,9.035307181563283,5.818293585475651,0
7.10935795978016,11.120461427868733,10.68245200962172,4.011103468088573,0
35.117069350243966,49.30783418012165,43.467646427848855,14.190764829877686,0
69.84426646254663,71.94152102066012,75.09768952044266,2.097254558113491,0
83.98209034519556,91.65601348591458,89.77040219316348,7.673923140719026,1
17.033351288282255,25.25032935024239,16.632599413982867,8.216978061960134,0
52.53045722817081,50.84955269174032,54.84584781312432,-1.6809045364304893,0
35.47126853048172,50.39169202584695,39.937298396221095,14.920423495365227,0
82.59315182516826,85.84355425821418,83.06643922583416,3.2504024330459202,1
72.36951385085669,69.81206225592824,71.84138867214754,-2.5574515949284518,0
72.06629637689103,82.43139481259507,83.23584806409494,10.365098435704041,1
42.49545278359762,38.51077296568725,49.832868542658524,-3.9846798179103686,0
38.185560187013216,43.467371760704495,42.646635151267404,5.281811573691279,0
26.8725657544565,31.781375788014465,28.777380915074318,4.908810033557966,0
9.51003973207417,25.368995390389948,19.04303450667371,15.858955658315779,0
74.17779010040425,83.92477242920378,81.71424754242553,9.746982328799533,1
70.03208073040621,74.78181114295477,71.44494306000891,4.749730412548558,0
84.97741386289044,98.15507685489331,96.95187942662885,13.177662992002865,1
84.73094696591244,100.0,93.05568576053042,15.269053034087563,1
49.434536448210196,60.01263951172882,56.21681724724369,10.578103063518626,0
66.51899321444084,71.62251941287465,71.06852906982112,5.103526198433812,0
80.58125839059424,72.46289606709264,77.7868370606868,-8.1183623235016,0
72.97179125419292,67.3206546234392,72.66304444022491,-5.651136630753726,0
24.78784813945581,26.735601095909136,23.909965058041706,1.947752956453325,0
41.04353082480748,39.948408803214654,38.82106455217298,-1.0951220215928288,0
15.332753212119599,18.46304018226514,13.597433998277285,3.1302869701455407,0
81.32408218069779,86.89058142966886,85.425835497044,5.56649924897107,1
53.493970756070404,63.79089829963771,60.9792440383904,10.296927543567307,0
23.29142444027702,27.586436659686107,26.81224914843722,4.295012219409088,0
58.73605475246854,68.60107119073056,68.69204027164217,9.865016438262025,0
54.450259236631666,60.09500338473287,57.255843254195135,5.6447441481012035,0
33.65301744262724,18.898351779088525,28.281909577635417,-14.754665663538713,0
14.084607375970322,9.691253437782779,8.612827778458605,-4.393353938187543,0
58.72585564742397,62.28498009020782,59.34411876139269,3.5591244427838475,0
46.62461607230347,39.52766864389239,45.16275563079526,-7.096947428411077,0
66.78547133885115,77.7847586388132,74.83242132106162,10.999287299962049,1
46.61308008895947,66.92058841239644,55.88493340768541,20.30750832343697,1
73.1745200254832,90.36213854245636,81.5535315283956,17.18761851697316,1
49.152547101958845,52.01811839265677,46.03171150726537,2.865571290697922,0
49.8750377228309,69.78229909133043,58.75758080466084,19.907261368499526,1
75.1322882126676,81.61896278468872,81.04677498923752,6.486674572021116,1
37.27862929699177,38.90776958581137,39.81881448972126,1.629140288819606,0
15.721218276051259,14.587191640641862,16.65620212249019,-1.1340266354093966,0
7.302614105067118,9.277917240185834,8.439586734169355,1.9753031351187165,0
65.41098045388952,66.52921226847724,65.9912858370679,1.1182318145877161,0
54.624764108277176,61.328926332032054,55.99588180173427,6.704162223754878,0
61.326381447937884,67.93212125843652,66.72573661379481,6.6057398104986405,0
22.037132920712857,27.067593122247,25.815281854648095,5.030460201534144,0
15.909718046941581,25.27909974440508,22.07046543965173,9.3693816974635,0
6.163573253430554,23.07003600129397,13.038700099359522,16.906462747863415,0
33.04700470452776,47.542546058941,33.83474662212065,14.495541354413241,0
52.193414948370645,42.34443526387161,50.56038324138222,-9.848979684499035,0
36.379523607978584,15.840312258959035,24.673405565443595,-20.53921134901955,0
39.99799376189833,54.34119287429107,44.581266025965334,14.343199112392739,0
77.33269555949987,68.66390857534566,75.07873880316475,-8.66878698415421,0
32.86043736186403,35.61278334293719,33.06057243264322,2.7523459810731623,0
46.119159132784866,39.41802887219127,45.94840315462794,-6.701130260593594,0
67.69224101929144,54.672436643491245,63.03335668012144,-13.019804375800199,0
36.72342258570161,47.138049867749494,43.98144419632699,10.414627282047881,0
54.76693601822988,67.35848762125634,56.96484468614151,12.591551603026467,0
73.98909669973962,73.22399269247242,77.24237665226522,-0.7651040072671975,0
80.96164989261138,60.05122697116228,71.2901900255884,-20.910422921449097,0
16.765878474323035,16.303433991798208,15.426824815322014,-0.46244448252482684,0
79.12701001291956,88.04505006694502,84.01619544195906,8.918040054025468,1
44.369303446363055,34.58018775862177,34.14603990379745,-9.789115687741287,0
25.659551063916666,32.49315026170822,30.302309097254458,6.833599197791557,0
41.7308604990609,46.577762007330946,41.066196728649714,4.846901508270044,0
83.40260602283817,94.19552101884905,84.74105266331301,10.792914996010879,1
44.40944751942957,50.6052512035711,42.94027180284666,6.195803684141531,0
31.300128823000655,26.569439414185098,32.27284924356265,-4.730689408815557,0
55.67206834533806,72.63778336198297,62.26713567258215,16.965715016644907,1
24.211649502255447,27.626353771985748,30.520184766870095,3.4147042697303007,0
11.069066248693114,15.796020853593795,11.82513916198656,4.726954604900682,0
15.310377752851938,10.977698162119978,8.021964084707118,-4.33267959073196,0
15.243667116621795,15.810844604706691,12.177682540818267,0.5671774880848961,0
17.15221548098355,13.304188340714541,18.93563677086986,-3.848027140269009,0
16.10617381195281,19.37671321271858,17.273748978525692,3.27053940076577,0
56.26997958425717,78.3870643856806,65.68366009549709,22.11708480142343,1
19.550406751931586,10.831395322618022,15.670955714833166,-8.719011429313564,0
32.65338266590906,21.517768687141647,28.590923885027987,-11.13561397876741,0
76.74307279248094,96.45477606741703,89.95112087765638,19.711703274936085,1
42.916931221029785,45.82369444951112,48.715810524949234,2.9067632284813385,0
58.40461908168217,56.71389169508301,56.47994945101533,-1.690727386599164,0
18.785589696130387,34.18463657009115,22.506970074864654,15.399046873960764,0
20.383121504693662,19.32696610732502,18.614648322639514,-1.0561553973686415,0
8.269489301318309,31.52958643678767,20.68037938880165,23.260097135469362,0
18.514805045773166,30.29406375916586,21.513157623837678,11.779258713392693,0
27.28722712255669,27.408113041099664,24.476217337143048,0.12088591854297448,0
19.160838742139745,45.73392087479478,33.47874345311692,26.57308213265503,0
12.096202700564449,11.039053470531066,11.421671030836404,-1.0571492300333833,0
14.650869688048065,27.071823408141135,20.95973753432936,12.42095372009307,0
41.86230144261806,49.85522724668298,43.583278340550315,7.992925804064917,0
21.5066974724634,39.52411036645138,29.824201776840088,18.01741289398798,0
34.14158888384604,54.756700851114566,41.67644543467539,20.615111967268525,0
45.27338166838855,50.59342315904622,50.603997647091745,5.320041490657665,0
60.23158629034923,57.697407586887394,62.07024494278957,-2.5341787034618335,0
8.144971187287915,17.744692616679078,7.406268315269215,9.599721429391163,0
68.95283191272341,67.17567821520235,65.27572248338566,-1.777153697521058,0
55.23203115927262,80.36590363453885,63.3093796316355,25.13387247526623,1
11.540722555909753,17.906075866737126,12.773327408102745,6.365353310827373,0
74.88628992854218,76.2330744154211,75.30936826261056,1.3467844868789172,1
78.66979204254505,85.51659510119414,77.744257912774,6.846803058649087,1
9.8862367883891,1.4149738930921352,2.885025901364678,-8.471262895296965,0
27.150211851776298,22.434071466669785,21.780269542978544,-4.716140385106513,0
69.4961023834449,86.50024146288916,78.61997391136387,17.004139079444258,1
64.86077523069267,63.29183244097871,64.28433684694444,-1.568942789713958,0
19.761681548510186,14.29257172169079,14.861913975088727,-5.4691098268193965,0
21.747945866936824,32.11447339220969,27.46167224599145,10.366527525272865,0
34.63776822331056,51.49480976994053,41.42624874286375,16.857041546629972,0
43.761838815281706,55.95137192193238,49.04164003762888,12.189533106650671,0
54.460381722423676,69.42085858048183,66.96097642234837,14.960476858058158,1
34.51309116558179,31.945140279887184,37.25049887810553,-2.567950885694607,0
42.002777290651835,32.784670623233396,33.49498024615982,-9.21810666741844,0
64.79767505070052,84.81101157025539,77.29354056411547,20.01333651955487,1
7.934656231247832,9.707857842826474,11.255446700511929,1.7732016115786422,0
25.19495554752166,27.686625382971187,22.996000598988566,2.491669835449528,0
62.067966870764195,80.34990828925477,73.66527051127407,18.281941418490575,1
76.61654701497595,87.17884710898255,86.5114928172169,10.562300094006602,1
45.93419536925329,55.493073090069366,47.345999810928085,9.558877720816078,0
47.569078821225254,74.21910227023609,58.14158208268788,26.65002344901084,1
13.573760907182084,12.138578603380655,15.909154155811876,-1.4351823038014295,0
40.79298934587637,55.07139062668874,48.74667591875949,14.278401280812368,0
47.60938131640185,53.1795125653727,52.048875766605846,5.570131248970846,0
24.397640290778373,32.08356307941094,29.26236933429615,7.6859227886325705,0
26.539458475950475,46.82414274007579,37.85388837079756,20.284684264125318,0
35.18273304836981,45.26109061126605,36.242495444884675,10.078357562896237,0
6.6056958222181095,16.98865661271444,14.93912933733062,10.38296079049633,0
30.766333246654263,46.49140661975228,42.1376399104866,15.72507337309802,0
21.91584055972357,23.266313264294716,21.90290467980506,1.3504727045711462,0
31.19978817423317,27.807691500843106,29.37330898809655,-3.392096673390064,0
14.580970545540097,9.132878605329761,7.263602067767763,-5.448091940210336,0
76.2421824591916,61.578616565431574,70.45316378036509,-14.663565893760023,0
52.48739628432389,78.04946758372711,66.98460425916794,25.562071299403215,1
59.32818553155917,53.29610187434234,56.12557065195282,-6.03208365721683,0
68.13369908858706,70.92116285272934,72.90049105026971,2.7874637641422737,0
44.87537591432458,47.10724291543537,44.989077721940156,2.2318670011107926,0
11.953623046993895,20.0276900250849,17.6844743137202,8.074066978091006,0
47.968523345483824,61.12589547087679,51.488216392103965,13.157372125392968,0
51.94728944167033,65.55202432526778,58.679000430846344,13.604734883597452,0
64.6351579347464,63.80438354905702,63.6967079681932,-0.8307743856893808,0
39.53276369837435,42.861546560510234,41.873078895565115,3.3287828621358813,0
15.2064242236451,23.0322237285281,18.01074318958652,7.825799504882998,0
27.702072463897956,30.215161202062486,28.564199045965214,2.51308873816453,0
34.046583711890804,55.12003947209073,47.061453106315284,21.073455760199927,0
56.6733793065281,66.58312882291061,60.317961353004705,9.909749516382512,0
50.662264373512954,63.01104223401113,52.01692200154601,12.348777860498174,0
33.4877380718277,45.11655075850183,44.55089612778102,11.62881268667413,0
83.92121990343837,100.0,96.10497218779065,16.07878009656163,1
53.46198554855097,60.27220113558804,52.990305256752656,6.810215587037071,0
23.97814333887956,16.009823859321095,22.063107014835907,-7.968319479558463,0
13.1425978096323,22.139477327158716,16.132113256741476,8.996879517526416,0
17.22873113474656,15.71516219682827,17.262408311780593,-1.51356893791829,0
24.67661827076065,24.390451453263083,25.41620724905235,-0.28616681749756623,0
17.854509860764452,28.718150048315383,22.58310655359095,10.863640187550931,0
19.92536192410446,37.308192638440815,26.26548028451345,17.382830714336354,0
27.807613495507766,33.02032926286838,28.342348222239295,5.2127157673606135,0
18.869887623580386,26.958217749570025,20.165476940131477,8.08833012598964,0
76.74123397011401,98.76338341646638,85.25684206859886,22.022149446352373,1
11.418699652931377,18.826231447817058,14.920930680226151,7.407531794885681,0
46.960911165620374,77.97774230742432,60.322046769190095,31.016831141803948,1
37.83174615917292,48.486842615488364,45.20545058446851,10.655096456315441,0
83.59028935268852,70.98266176113034,81.74821402291722,-12.60762759155817,0
13.963112173444188,26.496528384489512,18.48966055485672,12.533416211045324,0
36.82844792365933,45.640031772487106,41.952453349679345,8.811583848827773,0
82.55763466202951,100.0,92.77787266192355,17.442365337970486,1
74.24057007151842,85.97238358421801,81.52248364062605,11.731813512699588,1
70.3657656759424,73.98120583610466,72.40135155977178,3.615440160162265,1
25.632226163595185,18.38924380070153,24.238782237227525,-7.242982362893656,0
18.671006991205267,21.580774418345015,21.572637562817114,2.909767427139748,0
58.49145759395448,54.98625305186148,53.02586805592609,-3.505204542092997,0
79.35007913020686,78.54484463215964,81.55493007435106,-0.805234498047227,0
49.541031441114384,60.42681548532048,57.64579597501766,10.885784044206098,0
50.72901515759199,72.42806020110605,59.28867936681328,21.69904504351406,1
27.398327492822734,36.34504279105255,31.985498648280444,8.946715298229815,0
66.55943465535495,59.6006040350031,65.13000632361224,-6.958830620351847,0
19.96349988460187,29.409526566803276,24.058571766964487,9.446026682201406,0
30.894338912339492,47.86065377879601,42.596430488865785,16.966314866456514,0
39.034915089313344,37.937086046119525,45.57761805157451,-1.0978290431938191,0
45.6088302947564,49.268658628027225,45.080786363486865,3.6598283332708235,0
24.39277859320642,29.53966054049839,22.823085757391077,5.14688194729197,0
14.186945979136283,11.337962848313882,13.67391020053971,-2.8489831308224005,0
53.849603395330604,65.3324077337692,61.755693079928335,11.482804338438598,0
28.09044425922046,31.880962773142645,29.293104394647244,3.7905185139221835,0
51.49905771380898,60.69438215287926,60.45650192330722,9.195324439070276,0
17.349017221936187,13.474095443915186,11.39573893375594,-3.874921778021001,0
43.4912081483854,44.11662514515129,45.88267251586318,0.6254169967658925,0
47.60715460412687,59.83096818240458,51.90147893098904,12.223813578277714,0
9.145882945794153,10.417551424876482,14.939850903957208,1.2716684790823294,0
31.92834225551365,54.197980767847696,49.04070757118503,22.269638512334048,0
15.75317415511794,16.756812298971916,13.955023463694884,1.0036381438539763,0
10.06999763782142,17.316844895340278,12.04474985885511,7.2468472575188585,0
84.19681859119562,98.52272690992652,93.93853641150046,14.325908318730896,1
30.788307597977838,21.60465026864752,25.035086983944137,-9.183657329330316,0
69.7899556683708,57.181867548563034,63.3496779546702,-12.60808811980776,0
25.371252381101108,15.11468923540016,20.319136069877864,-10.256563145700948,0
59.52021777791434,77.14605881218617,62.57411882645728,17.62584103427183,0
65.81822879117493,65.29964733225046,65.51742482342998,-0.5185814589244728,0
52.651099248627546,83.23309210531006,65.87291235477629,30.58199285668252,1
42.72609508401267,42.083619097438785,40.92548862352641,-0.6424759865738849,0
37.947273131781486,44.792786163751856,45.70092565817311,6.84551303197037,0
32.90946132343962,53.33056084911838,39.35049040344123,20.421099525678756,0
79.36233153982607,100.0,92.12078133015697,20.637668460173927,1
71.44955262301833,97.06458838938231,83.42018171520489,25.615035766363974,1
82.20215285332101,99.28581515925244,89.90470350079922,17.083662305931426,1
14.943777878843578,30.184403136958203,24.935206196056022,15.240625258114624,0
63.46939801629154,74.39466750830337,69.95218664600412,10.925269492011829,0
80.06723654568303,92.85084730734941,88.17088091817482,12.783610761666381,1
19.498645293252814,18.98678812996748,22.14727069320873,-0.5118571632853346,0
10.3197013893422,7.137712555119128,7.734781822680697,-3.1819888342230715,0
64.28965194320472,69.2559073690952,64.93606945262671,4.9662554258904805,0
50.95784905439295,54.25600282914367,49.35147436209492,3.298153774750716,0
72.34630214066176,72.81402164738901,70.10393030408854,0.46771950672724927,0
16.18179013010316,28.145664604670312,31.011010643312908,11.963874474567152,0
68.62138494879122,83.17443703449632,79.63194973385413,14.553052085705104,1
21.130185603819562,27.014254466738038,20.018996936654737,5.884068862918475,0
18.09247542925636,37.867776239808975,24.01275196430196,19.775300810552615,0
18.141263834479435,11.724372693144385,16.378416448967386,-6.41689114133505,0
70.16597761851057,73.22938302571339,73.33947471424588,3.063405407202822,0
58.21577765569601,56.047554449667956,58.77831755863407,-2.1682232060280526,0
46.845233981529546,33.179867810798946,39.24768351550315,-13.6653661707306,0
33.7064387298802,37.879631871453206,35.416672520658004,4.173193141573009,0
75.17604326504866,78.95856818121582,78.05094429561032,3.782524916167162,1
36.395608593810834,56.53010602623215,46.72053632890148,20.134497432421313,0
70.32795515772617,81.63607200327394,69.32411246225745,11.308116845547772,1
40.13079268561747,34.88892444232542,36.82045967224587,-5.241868243292053,0
35.155554353992606,58.696480017334494,44.37179788288261,23.540925663341888,0
42.01438285356851,59.224719808822044,51.14518558792082,17.21033695525353,0
29.110229933131365,39.93120696781752,43.476495458284674,10.820977034686159,0
64.80875041410009,67.54390942560177,67.27877491627385,2.735159011501679,0
45.217631207398334,40.62323884016354,41.97984596526375,-4.594392367234796,0
23.577015611745384,24.854947851034854,26.981386237321875,1.2779322392894699,0
76.96596586196547,92.85345205900734,86.35777262211404,15.887486197041866,1
35.711297709856915,59.55716076920301,48.89451271088548,23.845863059346094,0
48.48422888911909,68.91666417184098,60.52099831012705,20.43243528272189,1
77.51776887716376,77.62927465930102,83.74315246272101,0.11150578213725737,0
54.93903967311937,48.74286534022926,48.44828720069657,-6.196174332890109,0
14.351843256669126,20.760705725781165,18.97717072165951,6.408862469112039,0
80.18656988907802,67.5021762334495,71.06522967131913,-12.684393655628512,0
55.216644245713425,63.448321387561236,60.99902075566408,8.231677141847811,0
31.79244917256689,35.3164233095802,30.79837670661526,3.5239741370133117,0
16.141765813070982,16.48140079438856,15.059482862914516,0.33963498131757675,0
68.52201514162368,57.574984468955726,62.16323006257599,-10.947030672667957,0
54.60582047428108,64.74182153997825,62.60127116516379,10.136001065697165,0
47.67688735810572,47.34987896148661,50.2687464916234,-0.32700839661911374,0
76.51140664407662,69.81223828697374,69.42467033618603,-6.699168357102877,0
68.08777689796246,44.36515476514596,56.39126816455376,-23.722622132816497,0
17.133990378620094,21.858841328113733,17.367676289119395,4.724850949493639,0
29.93776542364386,52.6602813903413,37.52350867496657,22.722515966697436,0
24.87913118515726,46.49172333063596,35.034376106623505,21.612592145478704,0
64.51570340581415,64.94474083995144,63.804773757515335,0.42903743413728535,0
7.6825947788623505,6.660474175244545,14.451683936090014,-1.0221206036178057,0
50.59117478970532,60.27891735045556,56.733925546162524,9.687742560750237,0
65.99669485925524,61.01284046737233,59.37191516105107,-4.983854391882915,0
75.14125094093995,83.15916993913461,77.45588842752446,8.01791899819466,1
32.366539897272595,45.0273426811195,41.76109117548424,12.660802783846904,0
70.70058437376103,87.96991661260411,85.60057881179235,17.269332238843077,1
13.850538956416578,17.84899819161705,11.09181863730294,3.998459235200471,0
72.71618333876145,75.67944583699179,68.55804143245949,2.9632624982303355,0
15.199092986558593,11.419267118992982,18.922075578891132,-3.779825867565611,0
36.78298324482938,33.51417970443078,36.31742400674279,-3.2688035403986007,0
68.78362926236429,71.51884034334901,67.54635660722755,2.735211080984726,0
16.993394187901902,25.667049256063684,22.9341089803501,8.673655068161782,0
23.340111618611317,37.47595788094381,22.50079153272693,14.135846262332493,0
62.7802054714453,59.74841596464185,61.27443723783506,-3.031789506803449,0
62.60292292368595,82.52980861328118,73.54982928701283,19.926885689595224,1
56.29181063082378,58.580574620398096,60.20900304422443,2.2887639895743135,0
60.515875557368005,65.30220261388365,59.86735122874821,4.7863270565156455,0
48.417955467807694,45.94583867632946,47.438958556278656,-2.4721167914782356,0
25.14392471255622,5.901522109826804,12.74644953301275,-19.242402602729417,0
32.65567948031355,46.49613344392405,40.34205772914175,13.8404539636105,0
19.527817344114055,31.89625631503839,23.02599786248715,12.368438970924334,0
77.67604490669027,79.86276933550813,77.54510460361853,2.186724428817868,1
51.671343581289634,57.341250753538354,51.5188509830433,5.66990717224872,0
37.06811334109119,47.22750551813219,44.10121815508266,10.159392177041,0
41.96046429153061,31.335005722665187,39.223088357067894,-10.625458568865426,0
80.78266716894522,80.49214039548228,79.93354207234151,-0.2905267734629433,1
17.268112249286418,30.210759045504687,23.854149632275636,12.94264679621827,0
51.89838656134378,44.355492329651284,43.78116520159689,-7.542894231692493,0
45.47109431075728,53.406673632423576,48.539854027570065,7.935579321666296,0
53.91633883477183,45.35052078853778,49.48281596052957,-8.56581804623405,0
6.448814705667241,16.113114530002505,19.143343890924797,9.664299824335265,0
74.76991271553212,79.41349789255727,73.7558042267222,4.643585177025159,1
79.56946259868899,68.41814443963389,78.38633523541876,-11.151318159055094,0
50.21065468713672,66.85804823170844,61.524927779820004,16.64739354457172,0
60.73206591015138,58.386150142170884,60.401017239631535,-2.345915767980493,0
78.79995049418366,75.69742612403985,82.52454976169716,-3.1025243701438114,0
61.57909074507189,68.58478271738132,66.19825314904719,7.005691972309428,1
17.20312343314091,33.68949692742806,26.613787767288272,16.48637349428715,0
51.103068813345054,45.94485062356108,48.36459775940043,-5.158218189783973,0
53.537203710628475,59.15400220910819,60.016309607124214,5.616798498479717,0
38.93045370419088,48.21861870749661,46.86394390727639,9.288165003305728,0
63.91553884997783,75.84659492260927,68.00403502380492,11.931056072631442,0
79.74936118152118,86.51377673429343,79.173827374111,6.764415552772249,1
79.04548103254211,80.3752026417089,79.10139992493852,1.329721609166782,0
41.06714971233057,37.79124750584337,37.02908291589403,-3.2759022064871957,0
14.05904366726042,19.920482497724166,16.799189358646228,5.8614388304637455,0
83.78729591698676,78.0659057971307,84.63891526111115,-5.721390119856068,1
72.11184691567473,47.89834208072866,58.63318953294133,-24.21350483494607,0
14.973014496261348,24.338612537838024,19.527343373114963,9.365598041576677,0
78.66735060938979,92.70669902025173,85.86109301924594,14.039348410861948,1
74.59170896497027,55.96238460955188,67.82233943387692,-18.629324355418383,0
46.50704457008577,41.40973752298639,37.217723044582264,-5.0973070470993775,0
52.30203485959434,63.493577469646326,56.077705280324444,11.191542610051982,0
36.920216309610424,62.49517100672741,50.34154473500734,25.574954697116986,1
9.380931105762507,14.588868182516585,15.58513651342013,5.207937076754078,0
31.815779331672076,29.53574991938073,29.20005728300779,-2.280029412291345,0
69.22827588784091,72.3993114767925,65.1841355641911,3.1710355889515967,0
5.370561840368229,24.119326031850076,16.604078274007563,18.748764191481847,0
31.679933735291534,30.22029194404618,29.04402567319197,-1.4596417912453532,0
36.85349548727547,33.86157542077293,31.78853547675312,-2.991920066502537,0
47.99164823503383,48.164213013213505,46.20489445498399,0.17256477817967664,0
78.58844931302085,74.05516323043372,75.76823019875974,-4.533286082587125,0
32.707679549276904,38.934382709224856,34.00679713563625,6.226703159947952,0
32.75625615169822,54.00304073639383,36.76295027274882,21.24678458469561,0
64.00009984877987,72.23089257994016,70.80669480502141,8.230792731160292,0
41.17743527118457,43.6539002499217,46.2402928843893,2.476464978737127,0
22.968385835198557,25.050273146043118,25.963895464639354,2.081887310844561,0
41.195161290615474,30.563253203648905,32.46615023585774,-10.631908086966568,0
16.26856163038399,30.09965940185558,22.57963591427723,13.83109777147159,0
19.110958920497865,23.332586950369844,21.20220898974548,4.2216280298719795,0
44.869421819158376,48.06462268325212,48.26340541989098,3.195200864093742,0
38.514035960363834,75.44511163881245,58.98459526574238,36.931075678448614,1
78.187672085448,86.17520116910487,79.97891523094096,7.987529083656867,1
33.99151192933065,31.473601428378807,32.97854334809541,-2.5179105009518423,0
51.44706802224348,52.183492060188044,53.187121255061484,0.7364240379445661,0
55.58114303356243,72.06560012552998,68.19083854598651,16.484457091967556,1
6.047556527066691,12.180260632444336,11.227428199229683,6.132704105377645,0
58.08298976133685,48.70020997816318,55.758769931876564,-9.382779783173667,0
19.242877349580112,33.43516669533215,26.590501906244214,14.192289345752037,0
81.88562539755641,80.20418454216647,85.27628240547196,-1.681440855389937,0
16.893018220249036,40.62599598242449,29.988795489215256,23.732977762175455,0
38.1699298981619,53.97041055530838,43.48690649621443,15.800480657146487,0
11.827973446291509,12.354754489703996,16.301473878373326,0.5267810434124875,0
84.74994014767579,100.0,94.46867989145497,15.250059852324213,1
45.175600826499405,50.85415593177344,46.685746315750976,5.678555105274036,0
52.630801385603505,66.1585381368257,57.95619085901687,13.527736751222193,0
10.366118191074198,20.213446364018946,16.179508912968856,9.847328172944747,0
64.99683763193423,61.53327108202549,64.65460874278261,-3.463566549908734,0
21.79244744764686,20.35694912447224,21.66657508295317,-1.4354983231746203,0
76.84434315525709,92.1439513310687,85.42807326349156,15.299608175811613,1
21.411171238560573,23.063417917495165,27.337166701757013,1.652246678934592,0
20.255017653093326,21.21853302067336,23.951404793587997,0.9635153675800332,0
7.92397342784759,3.372747634354061,6.2202673048958985,-4.551225793493529,0
42.765355608799936,52.00134626473455,50.20728267906969,9.235990655934614,0
50.187290661009314,75.81253985344077,59.90234354664242,25.625249192431454,1
10.25669115426819,4.58136201172546,8.61280773283725,-5.675329142542729,0
67.04220933560084,72.28440390232842,75.09122566816397,5.242194566727576,0
41.26310677984221,60.3853123339965,50.170071870742234,19.12220555415429,0
46.951221546206405,51.15480763374926,46.51011280412058,4.203586087542853,0
40.26101975505825,49.784737717555586,43.06661207052774,9.523717962497336,0
37.06104487002608,31.437109588557284,30.980178117264522,-5.623935281468796,0
49.771226504657434,59.05429747673392,52.05847626631257,9.283070972076487,0
17.419219674457,20.547777024411513,17.871974053664168,3.1285573499545123,0
19.55425043962169,34.41155039642032,22.76619936048508,14.857299956798627,0
73.94284968108138,90.81671019672889,82.42663494075394,16.873860515647507,1
80.68923697069062,100.0,93.05145000670525,19.310763029309385,1
34.864745302380236,45.66107703451599,37.53964262800735,10.796331732135755,0
26.659573851484303,34.91753701730597,35.34640720532044,8.257963165821664,0
56.51996345912126,63.46380647489462,61.52426123259072,6.943843015773361,0
37.698733687847714,39.16707075974083,41.52464398066645,1.4683370718931172,0
7.030908452827589,15.4157468874445,9.249824008579633,8.384838434616912,0
17.49220778929523,19.538193687904936,21.07877641979993,2.0459858986097075,0
62.277778307791806,68.96238807048795,62.344281487953936,6.684609762696141,0
57.71391535281211,75.8898907088917,69.47264553336143,18.17597535607959,0
7.167679400278679,2.1022537474822673,5.1504845932610674,-5.065425652796412,0
22.757772954635954,39.1565585659264,32.61691942023553,16.39878561129045,0
23.485983727045713,41.65713440044436,29.044775246870486,18.17115067339865,0
58.751419487898275,62.570734217987486,57.97586732611307,3.8193147300892107,0
6.576843020349132,1.0,5.580106164934721,-5.576843020349132,0
13.328686558765908,12.250466687821582,9.944532610621142,-1.0782198709443254,0
68.99328682985515,86.96323229546624,79.36787843895806,17.96994546561109,1
19.28357296434669,24.054892341357867,17.567819233471543,4.771319377011178,0
57.219688628149974,52.226666305200865,57.26770010467543,-4.993022322949109,0
24.05462248373812,24.006873271455948,20.33317793329151,-0.04774921228217366,0
12.955311420747613,26.361511685793143,21.315311366308947,13.40620026504553,0
24.453775279956325,34.921110961970115,31.564335921901222,10.46733568201379,0
62.78135454845273,65.39203355675579,61.996378597315534,2.610679008303059,0
73.45571744850287,74.787473330356,75.8676750906836,1.3317558818531268,1
71.41758916535933,72.50000767492111,72.74012521014089,1.0824185095617764,0
36.77468236947639,32.550580524491366,33.04610587840567,-4.224101844985022,0
58.44681092565169,79.6005678203461,65.99802532077027,21.15375689469441,1
21.398743633265678,23.17553894115228,16.39926421219124,1.7767953078866014,0
28.45181842088106,45.62340362913602,38.08656116690763,17.17158520825496,0
76.70686548168958,96.92002600091409,82.11903742721567,20.213160519224516,1
6.040153880858883,21.023262862338484,13.817740969922607,14.983108981479601,0
11.840682468357446,12.524479341176963,11.392236256520457,0.6837968728195172,0
21.630900411682184,30.66820131504828,28.186979189679818,9.037300903366095,0
7.122576309905577,11.880620245996415,8.595461779481404,4.7580439360908375,0
19.514834807183785,15.477816199882504,16.50798214449187,-4.037018607301281,0
51.643324877575374,59.88691769479141,57.96073339904827,8.243592817216033,0
38.713964047399834,31.92356613580181,36.32393917885317,-6.790397911598024,0
76.41373688615799,93.29053077077363,85.80060170001414,16.876793884615637,1
70.39548493907527,70.74931196609134,71.98020122200889,0.3538270270160666,1
32.34538813583008,39.35698469455847,31.24447004557296,7.011596558728392,0
25.7538746745034,33.58675338996482,31.940680072195057,7.832878715461419,0
35.375392653381354,37.78634291634058,38.418274166901774,2.4109502629592257,0
52.22359540118462,63.090533415937365,54.6070150228315,10.866938014752748,0
26.4450912658301,26.696054699604858,25.838331561694876,0.25096343377475705,0
54.93191262793072,68.64488560250317,61.67047725233405,13.712972974572445,1
37.752932175299236,29.29313537283175,33.119543420860296,-8.459796802467487,0
49.16377446815842,55.42757026362254,53.297252265596086,6.2637957954641195,0
39.890122330825335,64.27941232140819,56.37886767161031,24.389289990582853,0
28.557260763353412,23.553947517297665,29.300904323344025,-5.003313246055747,0
80.87626455697253,79.09881485172401,76.05088212405406,-1.7774497052485145,0
66.08846353278086,76.22754202937001,73.02421275199359,10.13907849658915,1
16.209054061316202,23.00487188071218,23.593762929620418,6.795817819395978,0
74.47743807183302,82.98373906456861,79.89101413026842,8.50630099273559,1
43.99449585996109,53.886367161437725,52.21337278625731,9.891871301476634,0
76.56417815152732,87.91139283714502,88.27459683143846,11.3472146856177,1
68.98842047578522,85.08541889534746,80.10804832388729,16.09699841956224,1
39.017080357538674,48.1152669268238,44.31409942910643,9.098186569285126,0
6.797544665609392,9.384968119423966,11.22652181477094,2.5874234538145746,0
26.494188750795686,38.219925762822996,32.79172075610001,11.72573701202731,0
48.330737172869355,72.32955652182152,60.4018559772003,23.99881934895216,1
55.67825758609178,59.351920122266044,56.460846147037714,3.6736625361742625,0
25.631014834656185,20.88572178794977,27.948608387799304,-4.745293046706415,0
16.14848592582593,32.21929261869566,21.728603274434793,16.07080669286973,0
71.79441894394392,75.59060730440794,78.28961629821028,3.796188360464015,0
83.75217445628417,67.0254789961438,76.88841909743509,-16.726695460140363,0
47.055214584214866,60.52943135571908,49.59440444556115,13.474216771504217,0
18.734342867864278,18.38106100832505,19.660649817068933,-0.3532818595392264,0
26.784586121549516,30.87925329850791,22.53184018707384,4.094667176958392,0
6.471254123797339,14.791057429487484,12.507679827135519,8.319803305690145,0
78.14390452483993,85.04890132263058,84.25209737270222,6.904996797790659,1
14.42008663121129,26.514604802601685,18.690277849950327,12.094518171390394,0
51.121318041140285,51.76645433544185,51.81452927615781,0.6451362943015653,0
26.92441765497648,37.055475636737306,37.85241894710775,10.131057981760826,0
49.33424020126347,51.7387734254243,49.01926670055808,2.4045332241608293,0
57.11363106814914,69.50173587702417,60.13096071141686,12.388104808875035,0
71.37934429657614,82.53301913670667,81.4011719240292,11.153674840130535,0
21.513701740848255,17.1593147204023,25.224269802217663,-4.354387020445955,0
5.879666292678438,21.73948745442876,13.82066388909714,15.859821161750324,0
15.950850405504582,15.591215954364102,18.805422286159413,-0.3596344511404794,0
77.0014913478484,90.08206933065985,87.56620808584677,13.080577982811448,1
74.91120620500122,83.58407933901462,77.02019007439277,8.6728731340134,1
52.79304817362466,76.17488494157588,63.028049051496666,23.38183676795122,0
53.04134883469227,55.80668901097375,58.11664246229722,2.7653401762814767,0
58.20293396370044,59.709766002518464,64.01139281923497,1.5068320388180254,0
19.029702289875967,23.83550623099864,23.121246840960367,4.805803941122672,0
78.15295567399679,80.12115784565403,76.49761369931925,1.9682021716572393,1
38.50164199136585,51.50106101078635,50.96253483617443,12.9994190194205,0
35.65108225995979,24.487976175593914,28.47661652434096,-11.163106084365879,0
46.513416422627,40.976592231163465,42.73959098338088,-5.536824191463538,0
8.757277342004404,3.079248126212473,6.9452762375773025,-5.6780292157919305,0
18.302669500486353,32.80574542022211,30.216688722498553,14.503075919735757,0
64.04268931410964,86.14882303992889,77.65768410667594,22.106133725819248,1
11.623893434010117,15.579401248635403,14.84624384240849,3.9555078146252853,0
53.252168757311054,56.56395152541095,56.297925731715324,3.3117827680998957,0
24.627928774505676,30.32845040563749,27.608733596001983,5.700521631131814,0
36.143649123358124,52.76243214944003,46.1274591799546,16.618783026081907,0
28.09549894165599,23.82196759975025,18.37005303762021,-4.273531341905741,0
33.45381731719593,40.83750714454378,36.255839853660454,7.383689827347851,0
62.523672414739636,77.27564871256394,70.62362636840214,14.7519762978243,0
28.769737249854003,38.780678949252454,30.322165848694702,10.010941699398451,0
50.312371223751775,57.20818738973921,54.919249260180166,6.8958161659874335,0
43.08403217592797,58.09449310159938,49.97584897580531,15.01046092567141,0
58.09369322901185,36.06137029901947,52.34395885896213,-22.032322929992375,0
79.94637914598064,91.72513234128972,90.55481491927976,11.77875319530908,1
63.605767776820024,62.06501094554579,61.43797265382842,-1.540756831274237,0
22.195230287260543,8.888901318695975,15.089552668278174,-13.306328968564568,0
7.494650804902774,17.60667680015258,12.328821105702499,10.112025995249807,0
25.98112354398601,44.71770899561558,33.99443784132193,18.736585451629573,0
52.60623445602039,56.23174930974347,55.00406683496631,3.6255148537230824,0
9.114065078740028,23.64281055076942,14.103591608091952,14.52874547202939,0
44.70929977609891,65.83208235598536,51.878845061229555,21.122782579886454,1
52.74742791335114,70.89657244919161,63.69013385297218,18.14914453584047,1
31.739511265356867,53.1391565590708,44.32792266487927,21.39964529371393,0
66.67297629966575,79.09425121038467,70.47066647604524,12.421274910718921,1
13.527860250701744,19.28219663971767,19.091094737497507,5.754336389015927,0
11.011022538864701,1.0,4.110778081936356,-10.011022538864701,0
63.255100496288264,65.79447561498878,65.28428376975246,2.5393751187005194,0
44.63930529649588,41.20683934333396,45.38410435775229,-3.432465953161916,0
60.07219171421888,86.78161888919702,73.32606760759681,26.70942717497814,1
39.7861870882997,43.02732896397633,42.770980762561415,3.2411418756766324,0
24.712162659128545,30.944210726973402,26.278897761388258,6.2320480678448575,0
70.52818541393597,81.04303917434065,75.19621254385402,10.514853760404677,1
68.95327031751833,74.38929478124287,71.05370425673958,5.436024463724536,1
60.575717668354145,82.52622807266167,69.3112378308872,21.950510404307522,1
26.771610978397014,25.545117361052494,25.62804168037741,-1.22649361734452,0
52.21845334952697,59.1645279018994,51.04563572912195,6.94607455237243,0
33.87791175520214,31.45320589822166,31.192097585285588,-2.4247058569804807,0
12.326565866130732,4.1263407539236745,7.371826829918191,-8.200225112207058,0
78.38508603697943,77.26739512792658,77.05770132496687,-1.117690909052854,0
15.945490473516912,20.57512250303279,17.535814150662514,4.629632029515879,0
81.0189883056642,81.7259660604916,81.18718458349751,0.7069777548274061,0
40.68046183663646,38.7562520378979,41.156681491525376,-1.9242097987385591,0
